Headline,URL,Date,Location
Japanese tourist tested positive for novel coronavirus after visiting Hawaii,https://globalnews.ca/news/6555259/japan-hawaii-coronavirus/,2 hours ago,COVID-19
MS Westerdam passengers describe ‘best cruise ever’ despite COVID-19 fears,https://globalnews.ca/news/6555125/ms-westerdam-cruise-ship-coronavirus/,3 hours ago,TRAVEL
"China’s top diplomat acknowledges COVID-19 challenge, criticizes ‘overreaction’",https://globalnews.ca/news/6555033/china-coronavirus-challenge-overreaction/,4 hours ago,CHINA
American prosecutors end high-profile terrorism case against California man,https://globalnews.ca/news/6554979/california-terrorism-case-dismissed-hamid-hayat/,4 hours ago,CALIFORNIA
U.S. Border Patrol deploying Tactical Unit officers to ‘sanctuary cities’ for arrests,https://globalnews.ca/news/6554906/us-border-patrol-sanctuary-cities-immigrants/,4 hours ago,IMMIGRATION
Kobe Bryant among Basketball Hall of Fame finalists,https://globalnews.ca/news/6554790/kobe-bryant-basketball-hall-of-fame/,5 hours ago,KOBE BRYANT
R. Kelly child sex abuse allegations: updated indictment lists new accuser,https://globalnews.ca/news/6554575/r-kelly-child-sex-allegations-indictment/,6 hours ago,R. KELLY
"COVID-19: Virus death toll rises to 1,523 as Beijing quarantines returning residents",https://globalnews.ca/news/6554449/china-coronavirus-beijing-quarantine/,6 hours ago,COVID-19
Airstrike killing top Iranian general was a response to past attacks: White House memo,https://globalnews.ca/news/6553852/white-house-memo-iran-airstike-soleimani/,8 hours ago,IRAN
"U.S., Taliban agree on temporary truce in Afghanistan: senior official",https://globalnews.ca/news/6553661/us-taliban-afghanistan-truce/,8 hours ago,AFGHANISTAN
Russians claim they tricked Bernie Sanders in prank call posing as Greta Thunberg,https://globalnews.ca/news/6553477/bernie-sanders-greta-thunberg-prank-russia/,9 hours ago,WORLD
"Melting ice causing polar bears to get thinner, have fewer babies: study",https://globalnews.ca/news/6552854/polar-bears-climate-change/,9 hours ago,ENVIRONMENT
Venezuela’s Nicolas Maduro says Juan Guaido’s arrest ‘will come’,https://globalnews.ca/news/6553057/venezuela-maduro-arrest-juan-guaido/,10 hours ago,WORLD
Investigation into ex-FBI official Andrew McCabe ends with no charges,https://globalnews.ca/news/6553064/andrew-mccabe-fbi-trump-charge/,10 hours ago,WORLD
Trump keeps tweeting about Justice Department despite plea from Barr,https://globalnews.ca/news/6552934/trump-tweeting-barr-stone/,10 hours ago,WORLD
Stopping all Canada-China flights won’t stop spread of coronavirus — Here’s why,https://globalnews.ca/news/6546569/china-coronavirus-flights-canada/,10 hours ago,CANADA
Lawyer Michael Avenatti found guilty in Nike extortion case,https://globalnews.ca/news/6552947/michael-avenatti-nike-extortion/,10 hours ago,WORLD
"Russian driver booked after getting 2,000 tickets",https://globalnews.ca/news/6551696/russian-man-2000-tickets/,11 hours ago,TRENDING
South Korean mom has tearful VR ‘reunion’ with dead daughter,https://globalnews.ca/news/6550977/mom-dead-daughter-virtual-reality/,"February 14, 2020 8:38 am",TRENDING
"‘All fires now contained’ in Australia’s most populous state, officials say",https://globalnews.ca/news/6550782/australia-wildfires-contained-new-south-wales/,"February 14, 2020 8:09 am",WORLD
"Canada seeking new rules for airliners flying through conflict zones, Trudeau says",https://globalnews.ca/news/6550737/trudeau-munich-security-conference/,"February 14, 2020 4:56 am",WORLD
Former Trump aide Hope Hicks to return to White House,https://globalnews.ca/news/6550127/hope-hicks-returns-white-house/,"February 13, 2020 11:48 pm",WORLD
"U.S. judge grants Amazon’s request, halts Pentagon cloud computing deal with Microsoft",https://globalnews.ca/news/6549960/amazon-microsoft-pentagon-contract-judge/,"February 13, 2020 10:47 pm",TECH
Millions in China working from home amid novel coronavirus crackdown,https://globalnews.ca/news/6549818/china-coronavirus-working-from-home/,"February 13, 2020 9:59 pm",ECONOMY
"China reports 5,000 new COVID-19 cases, cruise ship passengers disembark in Cambodia",https://globalnews.ca/news/6549659/coronavirus-cases-china-cambodia-cruise-ship/,"February 13, 2020 9:21 pm",HEALTH
"COVID-19 travel restrictions based on misinformation, racism: health law scholars",https://globalnews.ca/news/6549566/covid-19-travel-restrictions-racism-scholars/,"February 13, 2020 7:46 pm",CANADA
U.S. Democratic presidential hopefuls set their sights on attacking Michael Bloomberg,https://globalnews.ca/news/6549241/democrats-michael-bloomberg-attacks/,"February 13, 2020 5:50 pm",BLOOMBERG
"Royal Caribbean cancels 18 cruises, warns novel coronavirus likely to impact earnings",https://globalnews.ca/news/6548999/royal-caribbean-cancels-cruises-coronavirus/,"February 13, 2020 6:46 pm",CONSUMER
John Baird rules out running for Conservative leadership,https://globalnews.ca/news/6548924/john-baird-rules-out-conservative-leadership/,"February 13, 2020 6:39 pm",CANADA
Barr says Trump’s tweet on cases ‘make it impossible for me to do my job’,https://globalnews.ca/news/6548484/william-barr-donald-trump-tweets-doj/,"February 13, 2020 4:48 pm",POLITICS
Demand for face masks causes concern among Canadian health-care workers,https://globalnews.ca/news/6547409/coronavirus-face-masks-prices-demand/,"February 13, 2020 3:36 pm",HEALTH
"Norad commander says Canada, U.S. have lost Arctic military advantage over Russia",https://globalnews.ca/news/6548127/norad-commander-us-canada-russia-arctic/,"February 13, 2020 3:49 pm",CANADA
U.S. Senate votes curb Trump’s military powers after strike on Iranian general,https://globalnews.ca/news/6547646/us-senate-trump-military-powers/,"February 13, 2020 2:34 pm",WORLD
"Trump hits back at John Kelly, says he ‘just can’t keep his mouth shut’",https://globalnews.ca/news/6547288/donald-trump-john-kelly-comments/,"February 13, 2020 1:56 pm",WORLD
Thailand mall reopens days after country’s deadliest mass shooting,https://globalnews.ca/news/6546461/thailand-deadliest-mass-shooting-mall/,"February 13, 2020 11:24 am",WORLD
B.C. man who unknowingly became face of coronavirus speaks out against misinformation,https://globalnews.ca/news/6541587/bc-man-coronavirus-misinformation/,"February 13, 2020 9:54 am",WORLD
"12 Canadians from Diamond Princess have COVID-19, as passengers prepare to leave quarantine",https://globalnews.ca/news/6546005/japan-coronavirus-first-death/,"February 13, 2020 9:37 am",WORLD
Barclays CEO under investigation in U.K. over ties to Jeffrey Epstein,https://globalnews.ca/news/6545772/barclays-ceo-jeffrey-epstein/,"February 13, 2020 8:03 am",WORLD
"Coronavirus cases soar in China, but a new diagnosis method may explain it",https://globalnews.ca/news/6545746/coronavirus-china-diagnosis-testing/,"February 13, 2020 4:55 am",WORLD
Canadian researchers return from WHO forum with plan to tackle coronavirus,https://globalnews.ca/news/6545681/coronavirus-canadian-researchers-geneva/,"February 13, 2020 7:34 am",CANADA
"Former Shanghai mayor chosen to replace leader of China’s COVID-19 epicentre, reports say",https://globalnews.ca/news/6545309/china-shanghai-hubei-replaced/,"February 12, 2020 11:53 pm",HEALTH
"250M children live in countries affected by conflict, UN chief says",https://globalnews.ca/news/6545176/children-conflict-countries-united-nations/,"February 12, 2020 11:01 pm",WORLD
U.S. airlines extend China flight cancellations into late April over COVID-19,https://globalnews.ca/news/6544686/us-airlines-china-flight-cancellations/,"February 12, 2020 8:41 pm",WORLD
"COVID-19: China reports over 14,800 new cases, 242 deaths in highest single-day jump",https://globalnews.ca/news/6544259/covid-19-coronavirus-china-cases/,"February 12, 2020 4:28 pm",HEALTH
Man charged in El Paso shooting that left 22 dead appears in U.S. federal court,https://globalnews.ca/news/6543959/el-paso-walmart-shooting-court-appearance/,"February 12, 2020 3:57 pm",WORLD
Iowa’s Democratic Party chairman resigns in wake of caucus voting disaster,https://globalnews.ca/news/6543975/iowa-democratic-chairman-resigns/,"February 12, 2020 4:27 pm",POLITICS
U.S. Attorney General William Barr to testify over Roger Stone’s lowered sentence,https://globalnews.ca/news/6543805/william-barr-roger-stone-testify/,"February 12, 2020 4:00 pm",POLITICS
Airplane 2.0? Airbus unveils ‘MAVERIC’ plane design after secret tests,https://globalnews.ca/news/6542159/airbus-maveric-blended-wing-plane/,"February 12, 2020 3:59 pm",TRENDING
Wet’suwet’en solidarity protests: How Canadian law protects demonstrators,https://globalnews.ca/news/6540883/wetsuweten-protest-laws/,"February 12, 2020 2:13 pm",WORLD
What precautions are Asia’s cruise ships taking? And other COVID-19 questions answered,https://globalnews.ca/news/6542581/virus-asia-cruise-ships-quarantine/,"February 12, 2020 3:06 pm",HEALTH
"Sharp rise in white supremacist propaganda worldwide in 2018-19, says anti-bias group",https://globalnews.ca/news/6542602/white-supremacist-propaganda-increase/,"February 12, 2020 3:03 pm",WORLD
New cases of coronavirus in China may be falling: a look at latest outbreak developments,https://globalnews.ca/news/6542512/china-coronavirus-cases/,"February 12, 2020 2:37 pm",WORLD
Guinness World Record names Japanese 112-year-old oldest man alive,https://globalnews.ca/news/6541502/oldest-man-alive-japan/,"February 12, 2020 1:27 pm",TRENDING
Singapore clears bank office after staff member develops coronavirus,https://globalnews.ca/news/6541964/singapore-bank-coronavirus/,"February 12, 2020 12:03 pm",WORLD
International diplomats visit Kashmir to assess situation following shutdown,https://globalnews.ca/news/6541397/kashmir-india-international-diplomats/,"February 12, 2020 10:45 am",WORLD
Trump says COVID-19 will go away in April. Experts say it’s too soon to tell,https://globalnews.ca/news/6535483/coronavirus-seasonal-virus-experts/,"February 12, 2020 10:19 am",HEALTH
Transgender inmates to challenge Pennsylvania law prohibiting name changes,https://globalnews.ca/news/6540606/transgender-women-pennsylvania-inmates/,"February 12, 2020 8:46 am",WORLD
Coronavirus poses biggest crisis for China’s Communist Party since SARS,https://globalnews.ca/news/6540536/china-communist-party-coronavirus/,"February 12, 2020 8:15 am",WORLD
Trudeau secures support for Canadian seat on UN Security Council during Senegal trip,https://globalnews.ca/news/6540479/trudeau-senegal-violence/,"February 12, 2020 7:44 am",WORLD
Britain plans to fine social media companies for harmful content,https://globalnews.ca/news/6540388/britian-social-media-fines/,"February 12, 2020 7:33 am",WORLD
Pope Francis declines to approve ordination of married priests in the Amazon,https://globalnews.ca/news/6540345/pope-francis-married-priests-amazon/,"February 12, 2020 7:43 am",WORLD
39 new cases of COVID-19 confirmed on Japanese cruise ship: officials,https://globalnews.ca/news/6540323/coronavirus-39-cases-japan-cruise-ship/,"February 12, 2020 6:31 am",CANADA
"Anti pipeline blockades put Canada’s freight, passenger railways under stress",https://globalnews.ca/news/6540264/pipeline-protests-railways-stress/,"February 12, 2020 6:10 am",CANADA
Sanders narrowly defeats Buttigieg to take New Hampshire primary,https://globalnews.ca/news/6539790/bernie-sanders-new-hampshire-primary/,"February 11, 2020 11:38 pm",POLITICS
Trump wants Pentagon to review conduct of witness central to impeachment case,https://globalnews.ca/news/6539655/trump-pentagon-review-witness-conduct/,"February 11, 2020 10:53 pm",POLITICS
"COVID-19: Death toll exceeds 1,100 as China reports drop in new cases",https://globalnews.ca/news/6539533/china-coronavirus-infection-deaths/,"February 11, 2020 7:59 pm",HEALTH
New Hampshire primary: Democrat Senator Michael Bennet drops 2020 presidential bid,https://globalnews.ca/news/6539322/new-hampshire-michael-bennett-drops/,"February 11, 2020 8:50 pm",POLITICS
New Hampshire primary: Democrat Andrew Yang suspends 2020 presidential bid,https://globalnews.ca/news/6539190/andrew-yang-suspends-campaign/,"February 11, 2020 8:20 pm",POLITICS
San Diego lab ‘mix-up’ led to early coronavirus patient release from isolation,https://globalnews.ca/news/6537429/mix-up-coronavirus-san-diego/,"February 11, 2020 4:53 pm",WORLD
"Former ‘Empire’ actor Jussie Smollett indicted by Chicago prosecutor, reports say",https://globalnews.ca/news/6537904/jussie-smollett-indictment-chicago-attack-allegations/,"February 11, 2020 4:26 pm",ENTERTAINMENT
Indonesia says it has nothing to hide after declaring no coronavirus cases,https://globalnews.ca/news/6537005/indonesia-zero-coronavirus-cases/,"February 11, 2020 2:18 pm",HEALTH
Turkey won’t pull out amid Syria advances to last rebel stronghold: defence minister,https://globalnews.ca/news/6536617/turkey-syria-conflict-advances/,"February 11, 2020 1:43 pm",WORLD
Trial team quits after U.S. says it will lower Roger Stone’s prison sentence,https://globalnews.ca/news/6536696/roger-stone-sentencing/,"February 11, 2020 1:31 pm",WORLD
Free porn offered to cruise-ship passengers under coronavirus quarantine,https://globalnews.ca/news/6535843/free-porn-cruise-ship-coronavirus-quarantine/,"February 11, 2020 12:55 pm",TRENDING
Family pit bull kills 5-year-old boy after relative leaves the room,https://globalnews.ca/news/6535711/pit-bull-kills-boy-california/,"February 11, 2020 12:49 pm",TRENDING
"Number of U.S. jobs drops 5.4%, cuts recorded for 2nd straight month",https://globalnews.ca/news/6536016/us-open-jobs-drop/,"February 11, 2020 12:09 pm",WORLD
Queen’s grandson Peter Phillips and Canadian wife Autumn to divorce,https://globalnews.ca/news/6535629/peter-autumn-phillips-divorce/,"February 11, 2020 8:01 am",LIFESTYLE
COVID-19: New coronavirus disease named by World Health Organization,https://globalnews.ca/news/6535635/coronavirus-name-covid19/,"February 11, 2020 8:22 am",HEALTH
Lebanese protesters rally near parliament ahead of Cabinet confidence vote,https://globalnews.ca/news/6535510/lebanon-protests-cabinet-vote/,"February 11, 2020 9:52 am",WORLD
Sudan officials to face international court over war crimes in Darfur,https://globalnews.ca/news/6535498/omar-al-bashir-war-crimes-sudan-darfur/,"February 11, 2020 9:49 am",WORLD
Nuts ‘N More peanut spread recalled over Listeria concern,https://globalnews.ca/news/6535233/peanut-spread-recall-listeria/,"February 11, 2020 9:23 am",CANADA
"New Hampshire primary: Sanders edges out Buttigieg as Yang, Bennet drop campaigns",https://globalnews.ca/news/6535160/democrats-new-hampshire-momentum/,"February 11, 2020 9:10 am",POLITICS
Coronavirus sickens residents on different floors of Hong Kong apartment,https://globalnews.ca/news/6535080/hong-kong-coronavirus-apartment-sars/,"February 11, 2020 8:49 am",WORLD
Families who endured airport delays over no fly list invited to test new system,https://globalnews.ca/news/6535094/no-fly-list-canada-families-test/,"February 11, 2020 8:18 am",CANADA
Baghdad wakes up to snow for first time in more than a decade,https://globalnews.ca/news/6535067/baghdad-snowfall-decade/,"February 11, 2020 8:05 am",WORLD
Here’s what to watch for as New Hampshire holds primary contest,https://globalnews.ca/news/6534899/new-hampsire-primary-what-to-watch/,"February 11, 2020 6:35 am",POLITICS
"2nd plane carrying Canadian evacuees from Wuhan, China arrives at CFB Trenton",https://globalnews.ca/news/6534864/canada-second-coronavirus-plane-lands/,"February 11, 2020 3:50 am",CANADA
"Eastern Australia’s remaining wildfires could be doused by heavy rains, officials say",https://globalnews.ca/news/6534559/australia-wildfires-flooding-rains/,"February 10, 2020 11:45 pm",ENVIRONMENT
"Coronavirus: Public health systems start feeling strain on treatment, resources",https://globalnews.ca/news/6534283/coronavirus-public-health-systems-strain/,"February 10, 2020 9:58 pm",HEALTH
"Trump, after impeachment acquittal, wants to ‘shake up the Dems’ with New Hampshire rally",https://globalnews.ca/news/6533904/trump-new-hampshire-rally/,"February 10, 2020 8:17 pm",POLITICS
"Coronavirus death toll passes 1,000, as China reports most casualties in single day",https://globalnews.ca/news/6533678/china-coronavirus-death-toll-who/,"February 10, 2020 7:24 pm",HEALTH
"China won’t free the ‘two Michaels’ over Canada’s coronavirus help, experts say",https://globalnews.ca/news/6533527/china-canada-coronavirus-huawei/,"February 10, 2020 6:34 pm",CANADA
"Coronavirus-themed emails used by cybercriminals to spread malware, report says",https://globalnews.ca/news/6533339/coronavirus-emails-cybersecurity-malware/,"February 10, 2020 6:14 pm",HEALTH
Man accused of shooting NYPD officers in ambush arraigned on attempted murder charges,https://globalnews.ca/news/6533309/police-ambush-suspect-arraigned/,"February 10, 2020 5:56 pm",CRIME
"New York sues Trump over ban on Nexus, other Trusted Traveller programs",https://globalnews.ca/news/6533155/new-york-trump-nexus/,"February 10, 2020 5:24 pm",WORLD
"Spain rescues 119 migrants from sea, launches search for dozens missing",https://globalnews.ca/news/6532363/spain-migrant-rescue-search/,"February 10, 2020 4:59 pm",WORLD
Turkey says it has retaliated after Syrian shelling kills 5 soldiers,https://globalnews.ca/news/6532092/turkey-retaliation-syria-shelling/,"February 10, 2020 2:49 pm",WORLD
Canadian troops in Kuwait ‘essential’ in fight against Islamic militants: Trudeau,https://globalnews.ca/news/6531585/trudeau-kuwait-islamic-militants/,"February 10, 2020 1:29 pm",CANADA
U.S. to speed up cases of refugees put in limbo by Trump travel ban,https://globalnews.ca/news/6531493/trump-refugee-cases-ban/,"February 10, 2020 1:25 pm",WORLD
2 police officers among 3 shot at Walmart in eastern Arkansas,https://globalnews.ca/news/6531456/walmart-shooting-arkansas/,"February 10, 2020 1:09 pm",WORLD
2nd evacuation flight chartered by Ottawa leaves Wuhan with 185 on board,https://globalnews.ca/news/6530909/coronavirus-quarantine-flight-crew-released/,"February 10, 2020 12:30 pm",CANADA
Couple trapped on cruise ship quarantined over coronavirus taking it ‘day by day’,https://globalnews.ca/news/6529885/coronavirus-cruise-couple-quarantined/,"February 10, 2020 12:28 pm",WORLD
4 Chinese military members charged by U.S. in Equifax breach,https://globalnews.ca/news/6530660/equifax-breach-chinese-military-charge/,"February 10, 2020 7:53 am",WORLD
Canadian doctor in charge of WHO’s coronavirus team headed to China,https://globalnews.ca/news/6530143/who-canadian-doctor-china-team/,"February 10, 2020 10:04 am",WORLD
Trump’s $4.8 trillion budget would slash spending on social safety nets and foreign aid,https://globalnews.ca/news/6530149/trumps-4-8-trillion-budget-would-slash-spending-on-social-safety-nets-and-foreign-aid/,"February 10, 2020 9:19 am",WORLD
Schumer calls for investigation into whistleblower retaliation,https://globalnews.ca/news/6529924/whistleblower-trump-impeachment-schumer/,"February 10, 2020 8:02 am",WORLD
Remains of Thai shooting victims released as city grapples with tragedy,https://globalnews.ca/news/6529787/thailand-mass-shooting-aftermath/,"February 10, 2020 7:40 am",WORLD
Demoratic rivals seek to blunt Buttigieg’s momentum ahead of New Hampshire primary,https://globalnews.ca/news/6529739/new-hampshire-primary-buttigieg/,"February 10, 2020 6:53 am",POLITICS
Ireland election: Political parties scramble as Sinn Fein tops poll,https://globalnews.ca/news/6529703/ireland-election-sinn-fein/,"February 10, 2020 6:39 am",POLITICS
‘Serious and imminent threat’: U.K. announces new measures to combat coronavirus,https://globalnews.ca/news/6529686/coronavirus-uk-threat/,"February 10, 2020 6:24 am",HEALTH
Canadian among 66 new cases of coronavirus aboard Japan cruise ship: officials,https://globalnews.ca/news/6529649/coronavirus-cruise-ship-canadian/,"February 10, 2020 6:05 am",CANADA
Bernie Sanders wants a ‘partial recanvass’ of the Iowa caucus results,https://globalnews.ca/news/6529066/bernie-sanders-iowa-caucus-results/,"February 9, 2020 9:59 pm",WORLD
"Coronavirus death toll rises to 908 in China, Japan cruise ship sees 66 new cases",https://globalnews.ca/news/6528870/china-virus-outbreak-deaths-infected/,"February 9, 2020 8:23 pm",HEALTH
Thailand mass shooting: Here’s what we know about the attack that left at least 29 dead,https://globalnews.ca/news/6528239/what-we-know-so-far-thailand-mass-shooting/,"February 9, 2020 4:24 pm",WORLD
‘The Wild Wild West’ star Robert Conrad dies at 84,https://globalnews.ca/news/6528191/robert-conrad-dead-84/,"February 9, 2020 1:20 pm",ENTERTAINMENT
Australia battered by the elements at tail-end of record bushfire season,https://globalnews.ca/news/6527717/australia-cyclones-rain-wildfires/,"February 9, 2020 3:45 pm",FIRE
"Families wait for remains of victims, answers after Thai mall shooting",https://globalnews.ca/news/6527860/thai-mall-shooting-victims/,"February 9, 2020 2:15 pm",WORLD
"‘A perfect setup’: Virus outbreaks common on cruise ships, experts say",https://globalnews.ca/news/6525470/coronavirus-cruise-ships/,"February 9, 2020 12:38 pm",HEALTH
"U.K., Spain confirm new coronavirus virus cases as French focus on containment",https://globalnews.ca/news/6527651/spain-uk-coronavirus-cases/,"February 9, 2020 12:53 pm",WORLD
Moroccans rally to support Palestinians in protest of Trump’s Mideast peace plan,https://globalnews.ca/news/6527479/moroccans-mideast-peace-plan/,"February 9, 2020 11:27 am",WORLD
‘A signal to all predators’: Weinstein accusers watch trial unfold from afar,https://globalnews.ca/news/6527447/weinstein-accusers-watch-trial/,"February 9, 2020 10:51 am",WORLD
"2 U.S. soldiers killed, 6 wounded in Afghanistan attack: officials",https://globalnews.ca/news/6527354/2-soldiers-killed-afghanistan/,"February 9, 2020 9:59 am",WORLD
Switzerland backs bill against LGTBQ2 discrimination in referendum vote,https://globalnews.ca/news/6527315/switzerland-lgbtq2-bill-referendum/,"February 9, 2020 9:47 am",WORLD
"Suspect in custody after officer shot in the Bronx, NYPD say",https://globalnews.ca/news/6527268/nypd-officer-shot/,"February 9, 2020 9:27 am",WORLD
Canada wants UN Security Council seat to advance discussion on world issues: Trudeau,https://globalnews.ca/news/6527255/canadians-detained-egypt-trudeau/,"February 9, 2020 6:03 am",CANADA
"U.K. cancels flights, trains and ferries as high winds batter northern Europe",https://globalnews.ca/news/6527232/uk-storm-ciara-travel-cancellations/,"February 9, 2020 8:46 am",WEATHER
"Iran doesn’t have experts to analyze black boxes from plane crash, Champagne says",https://globalnews.ca/news/6527201/champagne-black-boxes-iran-plane/,"February 9, 2020 8:12 am",CANADA
Ireland to face messy coalition talks as exit polls show 3 parties in dead heat,https://globalnews.ca/news/6527178/ireland-election-coalition/,"February 9, 2020 7:54 am",WORLD
Coronavirus: Trudeau says Canada will offer more help to China if needed,https://globalnews.ca/news/6527166/coronavirus-canada-second-plane-wuhan/,"February 9, 2020 7:29 am",CANADA
"Where did they go? Millions fled Wuhan, China, before coronavirus lockdown",https://globalnews.ca/news/6527152/coronavirus-lockdown-wuhan/,"February 9, 2020 7:15 am",HEALTH
What a national action plan on gender-based violence might achieve — if Canada gets it right,https://globalnews.ca/news/6426879/gender-based-violence-2/,"February 9, 2020 7:00 am",CANADA
"‘SNL’ takes jabs at Iowa, Trump’s acquittal in New Hampshire Democratic debate cold open",https://globalnews.ca/news/6526829/snl-cold-open-new-hampshire-debate/,"February 9, 2020 12:58 am",ENTERTAINMENT
"Buttigieg is ‘not a Barack Obama,’ Biden tells New Hampshire Democrats",https://globalnews.ca/news/6526838/biden-new-hampshire-democrats-buttigieg/,"February 8, 2020 10:40 pm",POLITICS
Professor evacuated from Wuhan provides glimpse at ‘quarantine’ life at CFB Trenton,https://globalnews.ca/news/6526117/ottawa-professor-quarantine-cfb-trenton/,"February 8, 2020 8:31 pm",CANADA
"Coronavirus has killed more than SARS, but health officials say new cases slowing",https://globalnews.ca/news/6526637/coronavirus-death-toll-surpasses-sars/,"February 8, 2020 8:08 pm",HEALTH
Mike Pompeo issues another warning on China in speech to U.S. governors,https://globalnews.ca/news/6526286/pompeo-china-investment-influence/,"February 8, 2020 5:54 pm",WORLD
"Several U.S. casualties in Afghanistan military mission, officials say",https://globalnews.ca/news/6526084/american-casualties-afghanistan/,"February 8, 2020 4:36 pm",WORLD
‘Anything to demean’: Trump calls fake news on bad photo of himself,https://globalnews.ca/news/6525816/trump-tan-line-photo/,"February 8, 2020 4:27 pm",ENTERTAINMENT
"Orson Bean, 91-year-old comedic actor, fatally hit by car in Los Angeles",https://globalnews.ca/news/6525867/orson-bean-dead-los-angeles/,"February 8, 2020 1:40 pm",ENTERTAINMENT
Syrian troops capture new territory in attempt to control key highway,https://globalnews.ca/news/6525525/syrian-troops-key-highway/,"February 8, 2020 12:00 pm",WORLD
"Canada, Ethiopia to start negotiating investment agreement: Trudeau",https://globalnews.ca/news/6525460/canada-ethiopia-trudeau-investment/,"February 8, 2020 9:36 am",WORLD
5 U.K. citizens contract coronavirus at French ski resort,https://globalnews.ca/news/6525402/5-uk-coronavirus-resort/,"February 8, 2020 10:58 am",WORLD
Australia’s west coast braces for Category 3 Cyclone Damien,https://globalnews.ca/news/6525386/australia-cyclone-damien/,"February 8, 2020 10:29 am",WEATHER
Here are the key takeaways from the New Hampshire Democratic debate,https://globalnews.ca/news/6525333/new-hampshire-democratic-debate-takeaways/,"February 8, 2020 10:04 am",POLITICS
Coronavirus: Chinese officials scrambling to keep food flowing to cities on lockdown,https://globalnews.ca/news/6525244/china-coronavirus-quarantine-food/,"February 8, 2020 8:52 am",HEALTH
"26 killed, 57 wounded in shooting at Thai mall: police",https://globalnews.ca/news/6525214/thailand-mall-shooting/,"February 8, 2020 8:22 am",WORLD
Year of return: 400 years after the transatlantic slave trade,https://globalnews.ca/news/6520399/black-slavery-ghana-year-of-return/,"February 8, 2020 8:00 am",FEATURES
Democratic presidential hopefuls to make final push in New Hampshire before primary,https://globalnews.ca/news/6525171/democrats-new-hampshire-primary/,"February 8, 2020 7:32 am",POLITICS
"Kobe Bryant helicopter was almost out of blinding clouds, investigators say",https://globalnews.ca/news/6525160/kobe-bryant-helicopter-clouds/,"February 8, 2020 7:19 am",WORLD
"3 Irish parties in dead heat to form next government, exit polls show",https://globalnews.ca/news/6525152/ireland-election-results/,"February 8, 2020 7:11 am",POLITICS
Biden admits he’ll ‘take a hit’ in New Hampshire primary at Democratic debate,https://globalnews.ca/news/6524498/democratic-debate-new-hampshire/,"February 7, 2020 7:41 pm",WORLD
Twitter accounts belonging to Facebook hacked,https://globalnews.ca/news/6524423/twitter-facebook-messenger-hacked/,"February 7, 2020 8:46 pm",WORLD
1st U.S. citizen dies in China of coronavirus as death toll climbs to 724,https://globalnews.ca/news/6524272/china-coronavirus-death-toll/,"February 7, 2020 8:02 pm",HEALTH
Weinstein trial defence questions reliability of accusers’ memories,https://globalnews.ca/news/6523791/harvey-weinstein-trial-defense-memory/,"February 7, 2020 8:02 pm",WORLD
Trump ousts two officials who testified against him in impeachment,https://globalnews.ca/news/6524071/gordon-sondland-donald-trump-impeachment/,"February 7, 2020 7:15 pm",WORLD
Wet’suwet’en protests and arrests: Here’s a look at what’s happening now,https://globalnews.ca/news/6517089/wetsuweten-bc-pipeline-protests/,"February 7, 2020 5:46 pm",CANADA
Canada focused on defeating ISIL amid ‘sensitive’ relations with Iraq: commander,https://globalnews.ca/news/6523237/canadian-special-forces-iraq/,"February 7, 2020 5:25 pm",CANADA
"Alexander Vindman, who testified against Trump, fired from White House",https://globalnews.ca/news/6522956/alexander-vindman-fired-trump/,"February 7, 2020 4:47 pm",POLITICS
Canada Goose says it expects weaker sales due to coronavirus outbreak,https://globalnews.ca/news/6522978/canada-goose-coronavirus/,"February 7, 2020 2:33 pm",CANADA
Chinese social media censors hashtags after coronavirus whistleblower doctor dies,https://globalnews.ca/news/6522366/china-censors-hashtags-coronavirus/,"February 7, 2020 3:56 pm",TRENDING
"Royal Caribbean cruises ban all passengers with Chinese, Macau or Hong Kong passports",https://globalnews.ca/news/6521766/royal-caribbean-ban-chinese-macau-hong-kong-passports/,"February 7, 2020 3:45 pm",WORLD
"Report linking pangolins to coronavirus lacks evidence, scientists say",https://globalnews.ca/news/6522322/pangolin-coronavirus-engandered/,"February 7, 2020 3:21 pm",HEALTH
Kobe Bryant helicopter showed no signs of engine failure: probe,https://globalnews.ca/news/6522558/kobe-bryant-helicopter-engine-failure-probe/,"February 7, 2020 3:10 pm",ENTERTAINMENT
"5 dead as storm systems bring flooding, snow to U.S.",https://globalnews.ca/news/6522313/snow-rain-storms-us/,"February 7, 2020 2:52 pm",WORLD
Man kills friend with crossbow while trying to save him from pit bulls,https://globalnews.ca/news/6521551/crossbow-accident-dog-attack/,"February 7, 2020 2:20 pm",TRENDING
Justin Trudeau in Ethiopia for African Union meeting,https://globalnews.ca/news/6521617/justin-trudeau-african-union-meeting/,"February 7, 2020 1:09 pm",CANADA
"Prince Andrew’s daughter, Princess Beatrice, announces private wedding venue",https://globalnews.ca/news/6520231/princess-beatrice-wedding-date/,"February 7, 2020 9:31 am",LIFESTYLE
Lucky birthday boy catches sight of triple whale breach in Hawaii,https://globalnews.ca/news/6516930/whale-breach-video-hawaii/,"February 7, 2020 8:58 am",TRENDING
"World facing ‘chronic shortage’ of masks, gloves amid coronavirus fears: WHO",https://globalnews.ca/news/6520188/shortage-masks-gloves-coronavirus-who/,"February 7, 2020 7:57 am",WORLD
Democratic presidential hopefuls prepare for crucial New Hampshire debate,https://globalnews.ca/news/6520130/new-hampshire-democratic-debate/,"February 7, 2020 7:33 am",POLITICS
"Heavy rain, floods hit Australia’s wildfire-ravaged east coast",https://globalnews.ca/news/6520104/australia-wildfires-rain-flooding/,"February 7, 2020 7:22 am",WORLD
Coronavirus: China investigating doctor’s death as cruise ships stay locked down,https://globalnews.ca/news/6520080/coronavirus-cruise-ships-doctor-death/,"February 7, 2020 7:10 am",WORLD
‘Fresh Canadian air’: Canadians evacuated from Wuhan arrive in Ontario,https://globalnews.ca/news/6517548/176-canadians-wuhan-bc/,"February 7, 2020 12:00 am",CANADA
5 Canadians among 41 new cases of coronavirus on cruise ship docked in Japan,https://globalnews.ca/news/6519457/coronavirus-japan-cruise-ship-canadians-new/,"February 6, 2020 11:35 pm",CANADA
"Trudeau to be first Canadian PM to attend African Union, but can he reset relations?",https://globalnews.ca/news/6519354/trudeau-african-union-relations/,"February 6, 2020 10:55 pm",WORLD
Japan finds 41 new cases of coronavirus on cruise ship as China death toll rises to 636,https://globalnews.ca/news/6518941/coronavirus-cruise-ship-china/,"February 6, 2020 8:40 pm",CHINA VIRUS
Man accused of killing 22 at El Paso Walmart facing federal hate crimes charges,https://globalnews.ca/news/6518542/patrick-crusius-el-paso-shooting/,"February 6, 2020 7:00 pm",WORLD
"Key al-Qaeda figure killed in U.S. counter-terrorism operation, Trump says",https://globalnews.ca/news/6518370/al-qaeda-founder-killed/,"February 6, 2020 3:33 pm",WORLD
"Prosecutors rest case in Harvey Weinstein rape trial, defence to call witnesses",https://globalnews.ca/news/6517464/prosecutors-rest-harvey-weinstein/,"February 6, 2020 4:27 pm",CRIME
Children may be less affected by coronavirus: report,https://globalnews.ca/news/6514903/children-risk-coronavirus/,"February 6, 2020 2:03 pm",HEALTH
Virtual tie reported in Iowa caucus as DNC chair calls for review of results,https://globalnews.ca/news/6516061/iowa-caucus-results-recanvass/,"February 6, 2020 1:10 pm",POLITICS
Indigenous leaders say pipeline ruling highlights Canada’s need for UNDRIP law,https://globalnews.ca/news/6510038/indigenous-leaders-pipeline-ruling-canada-undrip/,"February 6, 2020 11:01 am",POLITICS
Death toll from pair of avalanches in eastern Turkey climbs to 41,https://globalnews.ca/news/6515161/turkey-avalanches-death-toll/,"February 6, 2020 10:51 am",WORLD
China wants to patent a U.S. drug to fight coronavirus,https://globalnews.ca/news/6515020/china-scientists-drug-coronavirus/,"February 6, 2020 10:10 am",WORLD
"Foreign ISIS captives to be prosecuted in Syria, Kurdish forces announce",https://globalnews.ca/news/6514685/foreign-isis-captives-prosecuted-in-syria/,"February 6, 2020 9:11 am",CANADA
Christina Koch returns to Earth after record-breaking spaceflight,https://globalnews.ca/news/6514785/christina-koch-longest-spaceflight-nasa/,"February 6, 2020 9:02 am",TECH
Trump lashes out at ‘sleaze bags’ behind impeachment in acquittal victory lap,https://globalnews.ca/news/6514612/trump-impeachment-acquittal-speech/,"February 6, 2020 8:10 am",WORLD
Premiers headed for Washington to celebrate CUSMA with American counterparts,https://globalnews.ca/news/6514556/premiers-washington-cusma-trade/,"February 6, 2020 7:46 am",CANADA
Coronavirus: China’s death toll soars above 560 as hospital tests new drug,https://globalnews.ca/news/6514540/coronavirus-hospital-death-toll/,"February 6, 2020 7:33 am",WORLD
‘The chill is real’: Canada’s new ambassador to China says of current relationship,https://globalnews.ca/news/6513563/canada-ambassador-china-diplomacy/,"February 5, 2020 9:14 pm",CANADA
2 Canadians test positive for coronavirus on cruise ship quarantined in Japan,https://globalnews.ca/news/6513530/china-coronavirus-new-death-toll-cruise/,"February 5, 2020 6:39 pm",HEALTH
"‘Vindictive and nasty’: Trump barrels into 2020 campaign, emboldened by acquittal",https://globalnews.ca/news/6513083/trump-post-impeachment-acquittal/,"February 5, 2020 6:53 pm",POLITICS
‘Spartacus’ actor Kirk Douglas dead at age 103,https://globalnews.ca/news/6512327/kirk-douglas-dead-age-103/,"February 5, 2020 6:50 pm",ENTERTAINMENT
Here are some key takeaways from Trump’s impeachment acquittal,https://globalnews.ca/news/6512792/trump-acquittal-key-takeaways/,"February 5, 2020 6:38 pm",POLITICS
Omar Khadr told to answer Utah plaintiffs’ questions about his war crimes confession,https://globalnews.ca/news/6512801/omar-khadr-war-crimes-confession-utah-ontario-court/,"February 5, 2020 6:03 pm",CANADA
"AI company must stop scraping user images from social media sites, top tech firms say",https://globalnews.ca/news/6512311/clearview-ai-tech-firms-social-media/,"February 5, 2020 5:53 pm",TECH
"At least 138 killed after being deported from U.S. to El Salvador, report says",https://globalnews.ca/news/6512332/el-salvadoran-migrants-dead-report/,"February 5, 2020 5:07 pm",WORLD
Will travel insurance cover coronavirus? Experts break down why and why not,https://globalnews.ca/news/6506117/travel-insurance-coronavirus/,"February 5, 2020 4:44 pm",WORLD
Draft UN resolution would reject U.S. plan for peace in Middle East,https://globalnews.ca/news/6512002/un-resolution-middle-east-peace-plan/,"February 5, 2020 4:44 pm",WORLD
What happens now? And other unanswered questions from Trump’s impeachment trial,https://globalnews.ca/news/6509530/trump-impeachment-acquittal-what-happens-next/,"February 5, 2020 4:38 pm",POLITICS
